{"$type":"List`1","$values":[{"$id":"1","$type":"ProjectOptionEntry","key":"RestoreNetworkStates","context":"{2232321-2467}","value":true},{"$id":"2","$type":"ProjectOptionEntry","key":"NetworkCollapsed","context":"{2232342-8254}","value":false},{"$id":"3","$type":"ProjectOptionEntry","key":"RestoreNetworkStates","context":"{2232321-8251}","value":true},{"$id":"4","$type":"ProjectOptionEntry","key":"RestoreNetworkStates","context":"{2232321-8274}","value":true},{"$id":"5","$type":"ProjectOptionEntry","key":"RestoreNetworkStates","context":"{2232321-9311}","value":true},{"$id":"6","$type":"ProjectOptionEntry","key":"NetworkCollapsed","context":"{2232342-9401}","value":false},{"$id":"7","$type":"ProjectOptionEntry","key":"NetworkCollapsed","context":"{2232342-9417}","value":false},{"$id":"8","$type":"ProjectOptionEntry","key":"NetworkCollapsed","context":"{2232342-9421}","value":false},{"$id":"9","$type":"ProjectOptionEntry","key":"NetworkCollapsed","context":"{2232342-9426}","value":false},{"$id":"10","$type":"ProjectOptionEntry","key":"NetworkCollapsed","context":"{2232342-9431}","value":false},{"$id":"11","$type":"ProjectOptionEntry","key":"NetworkCommentCollapsed","context":"{2232321-8251}","value":false},{"$id":"12","$type":"ProjectOptionEntry","key":"NetworkCommentCollapsed","context":"{2232342-8254}","value":false},{"$id":"13","$type":"ProjectOptionEntry","key":"NetworkCollapsed","context":"{2232342-9466}","value":true},{"$id":"14","$type":"ProjectOptionEntry","key":"LastSelection@Siemens.Simatic.PlcLanguages.SCLEditor.SCLEditorView","context":"{2232321-9490}","value":{"$id":"15","$type":"SessionDataUndo","CaretPositionRC":"6, 15"}},{"$id":"16","$type":"ProjectOptionEntry","key":"NetworkCollapsed","context":"{2232342-9548}","value":false},{"$id":"17","$type":"ProjectOptionEntry","key":"NetworkCollapsed","context":"{2232342-9551}","value":false},{"$id":"18","$type":"ProjectOptionEntry","key":"LastSelection@Siemens.Simatic.PlcLanguages.SCLEditor.SCLEditorView","context":"{2232321-16473}","value":{"$id":"19","$type":"SessionDataUndo","CaretPositionRC":"8, 146"}},{"$id":"20","$type":"ProjectOptionEntry","key":"NetworkCollapsed","context":"{2232342-17570}","value":false},{"$id":"21","$type":"ProjectOptionEntry","key":"NetworkCollapsed","context":"{2232342-17527}","value":false},{"$id":"22","$type":"ProjectOptionEntry","key":"NetworkCollapsed","context":"{2232342-17677}","value":false},{"$id":"23","$type":"ProjectOptionEntry","key":"NetworkCollapsed","context":"{2232342-22732}","value":true},{"$id":"24","$type":"ProjectOptionEntry","key":"RestoreNetworkStates","context":"{2232321-22729}","value":true},{"$id":"25","$type":"ProjectOptionEntry","key":"NetworkCollapsed","context":"{2232342-22733}","value":true},{"$id":"26","$type":"ProjectOptionEntry","key":"NetworkCollapsed","context":"{2232342-25825}","value":false},{"$id":"27","$type":"ProjectOptionEntry","key":"NetworkCollapsed","context":"{2232342-27055}","value":false},{"$id":"28","$type":"ProjectOptionEntry","key":"NetworkCollapsed","context":"{2232342-29243}","value":false},{"$id":"29","$type":"ProjectOptionEntry","key":"NetworkCollapsed","context":"{2232342-29267}","value":false},{"$id":"30","$type":"ProjectOptionEntry","key":"LastSelection@Siemens.Simatic.PlcLanguages.PLFrame.BasicLanguageEditor","context":"{2232321-2467}","value":{"$id":"31","$type":"SessionState","NetworkStates":{"$id":"32","$type":"Dictionary`2","1":5},"FocusedComponent":4,"ComponentUndoState":{"$id":"33","$type":"SessionDataUndo","CaretPositionRC":"7, 5"}}},{"$id":"34","$type":"ProjectOptionEntry","key":"NetworkCollapsed","context":"{2232342-30057}","value":false},{"$id":"35","$type":"ProjectOptionEntry","key":"RestoreNetworkStates","context":"{2232321-30054}","value":true},{"$id":"36","$type":"ProjectOptionEntry","key":"NetworkCollapsed","context":"{2232342-30058}","value":false},{"$id":"37","$type":"ProjectOptionEntry","key":"LastSelection@Siemens.Simatic.PlcLanguages.PLFrame.BasicLanguageEditor","context":"{2232321-31162}","value":{"$id":"38","$type":"SessionState","NetworkStates":{"$id":"39","$type":"Dictionary`2","1":5},"FocusedComponent":4,"ComponentUndoState":{"$id":"40","$type":"FLGViewSessionState","SelectedElements":{"$type":"String[]","$values":["<?xml version=\"1.0\" encoding=\"utf-16\"?><ConnectionElement UId=\"21\" Label=\"false\" />"]},"RelevantSettings":null}}},{"$id":"41","$type":"ProjectOptionEntry","key":"NetworkCollapsed","context":"{2232342-31165}","value":false},{"$id":"42","$type":"ProjectOptionEntry","key":"RestoreNetworkStates","context":"{2232321-31162}","value":true},{"$id":"43","$type":"ProjectOptionEntry","key":"NetworkCollapsed","context":"{2232342-31167}","value":false},{"$id":"44","$type":"ProjectOptionEntry","key":"NetworkCollapsed","context":"{2232342-33353}","value":false},{"$id":"45","$type":"ProjectOptionEntry","key":"NetworkCollapsed","context":"{2232342-33356}","value":false},{"$id":"46","$type":"ProjectOptionEntry","key":"LastSelection@Siemens.Simatic.PlcLanguages.PLFrame.BasicLanguageEditor","context":"{2232321-30054}","value":{"$id":"47","$type":"SessionState","NetworkStates":{"$id":"48","$type":"Dictionary`2","1":5},"FocusedComponent":4,"ComponentUndoState":{"$id":"49","$type":"FLGViewSessionState","SelectedElements":{"$type":"String[]","$values":["<?xml version=\"1.0\" encoding=\"utf-16\"?><Connector UId=\"-1\" FormalName=\"IN\" OwnerUId=\"23\" ParaNum=\"-1\" />"]},"RelevantSettings":null}}},{"$id":"50","$type":"ProjectOptionEntry","key":"NetworkCollapsed","context":"{2232342-36631}","value":false},{"$id":"51","$type":"ProjectOptionEntry","key":"NetworkCollapsed","context":"{2232342-37592}","value":false},{"$id":"52","$type":"ProjectOptionEntry","key":"RestoreNetworkStates","context":"{2232321-38660}","value":true},{"$id":"53","$type":"ProjectOptionEntry","key":"NetworkCollapsed","context":"{2232342-38664}","value":false},{"$id":"54","$type":"ProjectOptionEntry","key":"LastSelection@Siemens.Simatic.PlcLanguages.PLFrame.BasicLanguageEditor","context":"{2232321-38660}","value":{"$id":"55","$type":"SessionState","NetworkStates":{"$id":"56","$type":"Dictionary`2","1":5},"FocusedComponent":4,"ComponentUndoState":{"$id":"57","$type":"SessionDataUndo","CaretPositionRC":"14, 6"}}},{"$id":"58","$type":"ProjectOptionEntry","key":"LastSelection@Siemens.Simatic.PlcLanguages.PLFrame.BasicLanguageEditor","context":"{2232321-9311}","value":{"$id":"59","$type":"SessionState","NetworkStates":{"$id":"60","$type":"Dictionary`2","5":5},"FocusedComponent":4,"ComponentUndoState":{"$id":"61","$type":"SessionDataUndo","CaretPositionRC":"18, 0"}}},{"$id":"62","$type":"ProjectOptionEntry","key":"LastSelection@Siemens.Simatic.PlcLanguages.PLFrame.BasicLanguageEditor","context":"{2232321-8274}","value":{"$id":"63","$type":"SessionState","NetworkStates":{"$id":"64","$type":"Dictionary`2","2":5},"FocusedComponent":4,"ComponentUndoState":{"$id":"65","$type":"FLGViewSessionState","SelectedElements":{"$type":"String[]","$values":["<?xml version=\"1.0\" encoding=\"utf-16\"?><Connector UId=\"-2\" FormalName=\"PRE\" OwnerUId=\"23\" ParaNum=\"-1\" />"]},"RelevantSettings":null}}},{"$id":"66","$type":"ProjectOptionEntry","key":"NetworkCollapsed","context":"{2232342-45880}","value":false},{"$id":"67","$type":"ProjectOptionEntry","key":"NetworkCollapsed","context":"{2232342-45969}","value":false},{"$id":"68","$type":"ProjectOptionEntry","key":"LastSelection@Siemens.Simatic.PlcLanguages.PLFrame.BasicLanguageEditor","context":"{2232321-8251}","value":{"$id":"69","$type":"SessionState","NetworkStates":{"$id":"70","$type":"Dictionary`2","2":5},"FocusedComponent":4,"ComponentUndoState":{"$id":"71","$type":"SessionDataUndo","CaretPositionRC":"29, 8"}}},{"$id":"72","$type":"ProjectOptionEntry","key":"LastSelection@Siemens.Simatic.PlcLanguages.PLFrame.BasicLanguageEditor","context":"{2232321-22729}","value":{"$id":"73","$type":"SessionState","NetworkStates":{"$id":"74","$type":"Dictionary`2","3":5},"FocusedComponent":1,"ComponentUndoState":null}}]}