{"$type":"List`1","$values":[{"$id":"1","$type":"ProjectOptionEntry","key":"RestoreNetworkStates","context":"{2232321-2467}","value":true},{"$id":"2","$type":"ProjectOptionEntry","key":"NetworkCollapsed","context":"{2232342-8254}","value":false},{"$id":"3","$type":"ProjectOptionEntry","key":"RestoreNetworkStates","context":"{2232321-8251}","value":true},{"$id":"4","$type":"ProjectOptionEntry","key":"RestoreNetworkStates","context":"{2232321-8274}","value":true},{"$id":"5","$type":"ProjectOptionEntry","key":"RestoreNetworkStates","context":"{2232321-9311}","value":true},{"$id":"6","$type":"ProjectOptionEntry","key":"NetworkCollapsed","context":"{2232342-9401}","value":true},{"$id":"7","$type":"ProjectOptionEntry","key":"NetworkCollapsed","context":"{2232342-9417}","value":true},{"$id":"8","$type":"ProjectOptionEntry","key":"NetworkCollapsed","context":"{2232342-9421}","value":true},{"$id":"9","$type":"ProjectOptionEntry","key":"NetworkCollapsed","context":"{2232342-9426}","value":true},{"$id":"10","$type":"ProjectOptionEntry","key":"NetworkCollapsed","context":"{2232342-9431}","value":true},{"$id":"11","$type":"ProjectOptionEntry","key":"NetworkCommentCollapsed","context":"{2232321-8251}","value":false},{"$id":"12","$type":"ProjectOptionEntry","key":"NetworkCommentCollapsed","context":"{2232342-8254}","value":false},{"$id":"13","$type":"ProjectOptionEntry","key":"NetworkCollapsed","context":"{2232342-9466}","value":false},{"$id":"14","$type":"ProjectOptionEntry","key":"LastSelection@Siemens.Simatic.PlcLanguages.SCLEditor.SCLEditorView","context":"{2232321-9490}","value":{"$id":"15","$type":"SessionDataUndo","CaretPositionRC":"0, 14"}},{"$id":"16","$type":"ProjectOptionEntry","key":"NetworkCollapsed","context":"{2232342-9548}","value":false},{"$id":"17","$type":"ProjectOptionEntry","key":"NetworkCollapsed","context":"{2232342-9551}","value":false},{"$id":"18","$type":"ProjectOptionEntry","key":"LastSelection@Siemens.Simatic.PlcLanguages.SCLEditor.SCLEditorView","context":"{2232321-16473}","value":{"$id":"19","$type":"SessionDataUndo","CaretPositionRC":"9, 130"}},{"$id":"20","$type":"ProjectOptionEntry","key":"NetworkCollapsed","context":"{2232342-17570}","value":true},{"$id":"21","$type":"ProjectOptionEntry","key":"NetworkCollapsed","context":"{2232342-17527}","value":true},{"$id":"22","$type":"ProjectOptionEntry","key":"NetworkCollapsed","context":"{2232342-17677}","value":true},{"$id":"23","$type":"ProjectOptionEntry","key":"NetworkCollapsed","context":"{2232342-22732}","value":true},{"$id":"24","$type":"ProjectOptionEntry","key":"RestoreNetworkStates","context":"{2232321-22729}","value":true},{"$id":"25","$type":"ProjectOptionEntry","key":"NetworkCollapsed","context":"{2232342-22733}","value":true},{"$id":"26","$type":"ProjectOptionEntry","key":"NetworkCollapsed","context":"{2232342-25825}","value":false},{"$id":"27","$type":"ProjectOptionEntry","key":"NetworkCollapsed","context":"{2232342-27055}","value":true},{"$id":"28","$type":"ProjectOptionEntry","key":"NetworkCollapsed","context":"{2232342-29243}","value":false},{"$id":"29","$type":"ProjectOptionEntry","key":"NetworkCollapsed","context":"{2232342-29267}","value":false},{"$id":"30","$type":"ProjectOptionEntry","key":"LastSelection@Siemens.Simatic.PlcLanguages.PLFrame.BasicLanguageEditor","context":"{2232321-2467}","value":{"$id":"31","$type":"SessionState","NetworkStates":{"$id":"32","$type":"Dictionary`2","2":5},"FocusedComponent":4,"ComponentUndoState":{"$id":"33","$type":"FLGViewSessionState","SelectedElements":{"$type":"String[]","$values":["<?xml version=\"1.0\" encoding=\"utf-16\"?><ConnectionElement UId=\"30\" Label=\"false\" />"]},"RelevantSettings":null}}},{"$id":"34","$type":"ProjectOptionEntry","key":"NetworkCollapsed","context":"{2232342-30057}","value":false},{"$id":"35","$type":"ProjectOptionEntry","key":"RestoreNetworkStates","context":"{2232321-30054}","value":true},{"$id":"36","$type":"ProjectOptionEntry","key":"NetworkCollapsed","context":"{2232342-30058}","value":false},{"$id":"37","$type":"ProjectOptionEntry","key":"LastSelection@Siemens.Simatic.PlcLanguages.PLFrame.BasicLanguageEditor","context":"{2232321-31162}","value":{"$id":"38","$type":"SessionState","NetworkStates":{"$id":"39","$type":"Dictionary`2","1":5},"FocusedComponent":4,"ComponentUndoState":{"$id":"40","$type":"FLGViewSessionState","SelectedElements":{"$type":"String[]","$values":["<?xml version=\"1.0\" encoding=\"utf-16\"?><ConnectionElement UId=\"21\" Label=\"false\" />"]},"RelevantSettings":null}}},{"$id":"41","$type":"ProjectOptionEntry","key":"NetworkCollapsed","context":"{2232342-31165}","value":false},{"$id":"42","$type":"ProjectOptionEntry","key":"RestoreNetworkStates","context":"{2232321-31162}","value":true},{"$id":"43","$type":"ProjectOptionEntry","key":"NetworkCollapsed","context":"{2232342-31167}","value":false},{"$id":"44","$type":"ProjectOptionEntry","key":"NetworkCollapsed","context":"{2232342-31243}","value":false},{"$id":"45","$type":"ProjectOptionEntry","key":"LastSelection@Siemens.Simatic.PlcLanguages.PLFrame.BasicLanguageEditor","context":"{2232321-8274}","value":{"$id":"46","$type":"SessionState","NetworkStates":{"$id":"47","$type":"Dictionary`2","1":5},"FocusedComponent":4,"ComponentUndoState":{"$id":"48","$type":"FLGViewSessionState","SelectedElements":{"$type":"String[]","$values":["<?xml version=\"1.0\" encoding=\"utf-16\"?><Connector UId=\"-1\" FormalName=\"IN\" OwnerUId=\"21\" ParaNum=\"-1\" />"]},"RelevantSettings":null}}},{"$id":"49","$type":"ProjectOptionEntry","key":"NetworkCollapsed","context":"{2232342-33353}","value":true},{"$id":"50","$type":"ProjectOptionEntry","key":"LastSelection@Siemens.Simatic.PlcLanguages.PLFrame.BasicLanguageEditor","context":"{2232321-8251}","value":{"$id":"51","$type":"SessionState","NetworkStates":{"$id":"52","$type":"Dictionary`2","1":5},"FocusedComponent":4,"ComponentUndoState":{"$id":"53","$type":"FLGViewSessionState","SelectedElements":{"$type":"String[]","$values":["<?xml version=\"1.0\" encoding=\"utf-16\"?><Connector UId=\"-18\" FormalName=\"OUT1\" OwnerUId=\"21\" ParaNum=\"-1\" />"]},"RelevantSettings":null}}},{"$id":"54","$type":"ProjectOptionEntry","key":"NetworkCollapsed","context":"{2232342-33356}","value":true},{"$id":"55","$type":"ProjectOptionEntry","key":"LastSelection@Siemens.Simatic.PlcLanguages.PLFrame.BasicLanguageEditor","context":"{2232321-30054}","value":{"$id":"56","$type":"SessionState","NetworkStates":{"$id":"57","$type":"Dictionary`2","1":5},"FocusedComponent":4,"ComponentUndoState":{"$id":"58","$type":"FLGViewSessionState","SelectedElements":{"$type":"String[]","$values":["<?xml version=\"1.0\" encoding=\"utf-16\"?><Connector UId=\"-1\" FormalName=\"IN\" OwnerUId=\"23\" ParaNum=\"-1\" />"]},"RelevantSettings":null}}},{"$id":"59","$type":"ProjectOptionEntry","key":"NetworkCollapsed","context":"{2232342-36631}","value":false},{"$id":"60","$type":"ProjectOptionEntry","key":"NetworkCollapsed","context":"{2232342-37592}","value":true},{"$id":"61","$type":"ProjectOptionEntry","key":"RestoreNetworkStates","context":"{2232321-38660}","value":true},{"$id":"62","$type":"ProjectOptionEntry","key":"NetworkCollapsed","context":"{2232342-38664}","value":true},{"$id":"63","$type":"ProjectOptionEntry","key":"LastSelection@Siemens.Simatic.PlcLanguages.PLFrame.BasicLanguageEditor","context":"{2232321-38660}","value":{"$id":"64","$type":"SessionState","NetworkStates":null,"FocusedComponent":1,"ComponentUndoState":null}}]}